TestNom;TestPrénom;testdemonemail@email.fr;3 Rue des Potiers 75000 Paris;01/01/2023;Auditeur;12/01/2023;12/01/2023
Cool;Coco;cocobello@cnam.net;3 place de la République 75000 Paris;01/02/0003;Auditeur;02/03/2004;02/03/2004
Cool;Ilest;ilestcool@lmail.com;3 place de l'église 06000 Nice;04/05/0006;Auditeur;31/12/2022;31/12/2022
Toto;Tutu;test@email.com;4 place de la gare 75000 Paris;04/05/1956;Auditeur;13/01/2023;13/01/2023
Tutu;Toto;tototutu@cnam.fr;17 boulevard du commerce 95800 Cergy;25/08/1985;Enseignant;02/03/0004;15/01/2023
Dupont;Jean-Eude;maildetest7@test.com;1 place de la gare 75000 Paris;24/06/2000;Direction;07/07/2001;05/07/2001
Dupont;Jean-François;maildetest4@test.com;2 place de la gare 75000 Paris;25/06/2000;Direction;04/07/2001;05/07/2001
Dupont;Jean-Luc;maildetest11@test.com;3 place de la gare 75000 Paris;26/06/1958;Direction;11/07/2001;05/07/2001
Dupont;Jean-Pierre;maildetest3@test.com;4 place de la gare 75000 Paris;27/06/1963;Direction;03/07/2001;05/07/2001
Dupont;Jean-Michel;maildetest2@test.com;5 place de la gare 75000 Paris;28/06/2000;Direction;02/07/2001;05/07/2001
Dupont;Michel;encoreUnTest@test.com;3 rue du parc 44000 Nantes;29/06/2000;Enseignant;03/07/2001;05/07/2001
Dupont;Jean-Louis;maildetest8@test.com;6 place de la gare 75000 Paris;30/06/2000;Direction;08/07/2002;05/07/2002
Dupont;Jean-Claude;maildetest6@test.com;7 place de la gare 75000 Paris;01/07/1987;Direction;06/07/2003;05/07/2003
Dupont;Jean-Jean;maildetest10@test.com;8 place de la gare 75000 Paris;02/07/2000;Direction;10/07/2003;05/07/2001
Dupont;Jean-Marie;maildetest9@test.com;9 place de la gare 75000 Paris;03/07/2000;Direction;09/07/2004;05/07/2001
Dupont;Jean;maildetest@test.com;10 place de la gare 75000 Paris;04/07/2000;Direction;03/07/2005;05/07/2001
Dupont;Jean-Yann;maildetest1@test.com;11 place de la gare 75000 Paris;05/07/2012;Direction;01/07/2006;05/07/2001
Dupont;Jean-Gabriel;maildetest5@test.com;12 place de la gare 75000 Paris;06/07/1995;Direction;05/07/2007;05/07/2001